USE GROUP17
GO

INSERT INTO Account (FullName, Username, [Password], Email, DateCreated, PhoneNumber, AccountType)
VALUES 
('John Doe', 'john.doe', 'J0hnDoePa$$word', 'john.doe@elpms.com', '2023-01-01', 1234567890, 'Student'),
('Jane Smith', 'jane.smith', 'Passw0rd456', 'jane.smith@elpms.com', '2023-02-15', 9876543210, 'Instructor'),
('Bob Johnson', 'bob.johnson', 'B0b@Pass789', 'bob.johnson@elpms.com', '2023-03-20', 5551112222, 'Advisor'),
('Alice Brown', 'alice.brown', 'Alic3!Pass987', 'alice.brown@elpms.com', '2023-04-10', 1112223333, 'Student'),
('Eva White', 'eva.white', 'eva@pass', 'eva.white@elpms.com', '2023-05-05', 9998887777, 'Student'),
('Michael Black', 'michael.black', 'blackmike', 'michael.black@elpms.com', '2023-06-15', 4445556666, 'Instructor'),
('Olivia Green', 'olivia.green', 'green123', 'olivia.green@elpms.com', '2023-07-20', 7778889999, 'Student'),
('David Grey', 'david.grey', 'greydavid', 'david.grey@elpms.com', '2023-08-10', 2223334444, 'Instructor'),
('Sophie Turner', 'sophie.turner', 'sophiepass', 'sophie.turner@elpms.com', '2023-09-05', 6667778888, 'Student'),
('Charlie Brown', 'charlie.brown', 'peanuts123', 'charlie.brown@elpms.com', '2023-10-12', 3334445555, 'Student'),
('Emma Stone', 'emma.stone', 'stoneemma', 'emma.stone@elpms.com', '2023-11-18', 8889990000, 'Instructor'),
('Frank Miller', 'frank.miller', 'darkknight', 'frank.miller@elpms.com', '2023-12-25', 7776665555, 'Advisor'),
('Grace Kelly', 'grace.kelly', 'hollywood', 'grace.kelly@elpms.com', '2024-01-30', 4445556666, 'Instructor'),
('Henry Ford', 'henry.ford', 'assemblyline', 'henry.ford@elpms.com', '2024-02-14', 1112223333, 'Student'),
('Ivy Green', 'ivy.green', 'naturelover', 'ivy.green@elpms.com', '2024-03-22', 9998887777, 'Student'),
('Jack Johnson', 'jack.johnson', 'guitarhero', 'jack.johnson@elpms.com', '2024-04-05', 5554443333, 'Instructor'),
('Karen White', 'karen.white', 'whiteroses', 'karen.white@elpms.com', '2024-05-15', 2223334444, 'Student'),
('Liam Neeson', 'liam.neeson', 'taken123', 'liam.neeson@elpms.com', '2024-06-20', 7778889999, 'Student'),
('Megan Fox', 'megan.fox', 'foxy123', 'megan.fox@elpms.com', '2024-07-10', 8889990000, 'Instructor'),
('Nancy Drew', 'nancy.drew', 'mysterygirl', 'nancy.drew@elpms.com', '2024-08-28', 1112223333, 'Student');
--SELECT * FROM Instructor
INSERT INTO Community (CommunityName, CommunityType, [Owner])
VALUES 
('Math Enthusiasts', 'Public', 'john.doe'),
('Programming Wizards', 'Private', 'jane.smith'),
('Career Guidance', 'Public', 'bob.johnson'),
('Science Lovers', 'Private', 'alice.brown'),
('Tech Innovators', 'Public', 'michael.black'),
('Language Learners', 'Private', 'olivia.green'),
('Business Minds', 'Public', 'david.grey'),
('Artists Unite', 'Private', 'sophie.turner'),
('Music Masters', 'Public', 'charlie.brown'),
('Film Buffs', 'Private', 'emma.stone'),
('History Buffs', 'Public', 'frank.miller'),
('Photography Enthusiasts', 'Private', 'grace.kelly'),
('Environmentalists', 'Public', 'henry.ford'),
('Fitness Fanatics', 'Private', 'ivy.green'),
('Gaming Community', 'Public', 'jack.johnson'),
('Book Club', 'Private', 'karen.white'),
('Adventure Seekers', 'Public', 'liam.neeson'),
('Celeb Gossip', 'Private', 'megan.fox'),
('Mystery Solvers', 'Public', 'nancy.drew'),
('Travel Enthusiasts', 'Private', 'john.doe');

INSERT INTO CommunityAccount (CommunityID, AccountID)
VALUES
(108, 1),
(111, 2),
(116, 3),
(117, 4),
(106, 5),
(109, 6),
(113, 7),
(110, 8),
(120, 9),
(102, 10),
(107, 11),
(114, 12),
(103, 13),
(115, 14),
(118, 15),
(104, 16),
(119, 17),
(105, 18),
(112, 19),
(101, 20);

INSERT INTO Post (PostTitle, PostContent, TimePosted, CommunityID, AccountID, ReplyID)
VALUES
('Introduction to Algebra', 'Let''s discuss algebraic concepts.', '2023-05-01', 101, 1, NULL),
('Python Basics', 'Learn the fundamentals of Python programming.', '2023-05-05', 102, 2, NULL),
('Career Advice Needed', 'Seeking advice on career choices.', '2023-05-10', 103, 3, NULL),
('Chemistry Experiments', 'Share your favorite chemistry experiments.', '2023-05-15', 104, 4, NULL),
('Data Science Tools', 'What tools do you recommend for data science projects?', '2023-05-20', 105, 5, NULL),
('Language Exchange', 'Looking for language exchange partners.', '2023-05-25', 106, 6, NULL),
('Startup Ideas', 'Discussing innovative startup ideas.', '2023-06-01', 107, 7, NULL),
('Digital Art Showcase', 'Share your latest digital art creations.', '2023-06-05', 108, 8, NULL),
('Music Recommendations', 'What music are you currently listening to?', '2023-06-10', 109, 9, NULL),
('Film Reviews', 'Share your thoughts on the latest films.', '2023-06-15', 110, 10, NULL),
('Historical Events', 'Discussing significant historical events.', '2023-06-20', 111, 11, NULL),
('Nature Photography', 'Share your best nature photographs.', '2023-06-25', 112, 12, NULL),
('Environmental Conservation', 'How can we contribute to environmental conservation?', '2023-07-01', 113, 13, NULL),
('Fitness Tips', 'Share your favorite fitness tips and routines.', '2023-07-05', 114, 14, NULL),
('Favorite Video Games', 'Discussing your all-time favorite video games.', '2023-07-10', 115, 15, NULL),
('Book Recommendations', 'What books would you recommend?', '2023-07-15', 116, 16, NULL),
('Adventurous Travel Stories', 'Share your most adventurous travel stories.', '2023-07-20', 117, 17, NULL),
('Hollywood Gossip', 'Latest gossip from the world of Hollywood.', '2023-07-25', 118, 18, NULL),
('Solving Mysteries Together', 'Join the mystery-solving community!', '2023-07-30', 119, 19, NULL),
('Dream Destinations', 'Discussing your dream travel destinations.', '2023-08-01', 120, 20, NULL);

--These entries include replies to existing posts--
INSERT INTO Post (PostTitle, PostContent, TimePosted, CommunityID, AccountID, ReplyID)
VALUES
('Reply to Introduction to Algebra', 'I love algebra! Let''s dive into specific topics.', '2023-08-05', 101, 5, 201),
('Python Libraries Discussion', 'Which Python libraries are essential for data science?', '2023-08-10', 102, 8, 202),
('Career Advice Response', 'Consider exploring opportunities in the tech industry.', '2023-08-15', 103, 10, 203),
('Chemistry Experiments - Share Yours!', 'Here is my favorite chemistry experiment...', '2023-08-20', 104, 15, 204),
('Reply to Data Science Tools', 'I recommend using pandas and scikit-learn for data science.', '2023-08-25', 105, 2, 205),
('Language Exchange Partner Found!', 'I am interested in language exchange. Lets connect!', '2023-08-30', 106, 7, 206),
('Startup Ideas - Collaboration Opportunity', 'I am looking for a partner to work on an exciting startup idea.', '2023-09-01', 107, 12, 207),
('Digital Art Showcase - Feedback Welcome', 'I would appreciate feedback on my latest digital art piece.', '2023-09-05', 108, 18, 208),
('Music Recommendations - Share Your Playlist', 'Here is my current favorite playlist. What is yours?', '2023-09-10', 109, 9, 209),
('Film Reviews - Discussion Thread', 'What are your thoughts on the latest blockbuster movies?', '2023-09-15', 110, 14, 210),
('Historical Events - Personal Insights', 'I find the events of the Renaissance fascinating. What about you?', '2023-09-20', 111, 3, 211),
('Nature Photography - Lets Share', 'This is my favorite nature photograph. Share yours!', '2023-09-25', 112, 17, 212),
('Environmental Conservation - Tips and Tricks', 'Lets discuss practical ways to contribute to environmental conservation.', '2023-10-01', 113, 19, 213),
('Fitness Tips - New Workout Routine', 'I have discovered a great workout routine. Anyone interested?', '2023-10-05', 114, 6, 214),
('Favorite Video Games - Nostalgia Time', 'Remember the classics? Lets talk about our favorite retro games.', '2023-10-10', 115, 11, 215),
('Book Recommendations - Mystery Novels', 'I am into mystery novels lately. Any recommendations?', '2023-10-15', 116, 16, 216),
('Travel Stories - Share Yours!', 'I had an amazing adventure in Southeast Asia. Anyone else want to share?', '2023-10-20', 117, 1, 217),
('Hollywood Gossip - Latest Updates', 'Spill the tea! What is the latest Hollywood gossip?', '2023-10-25', 118, 20, 218),
('Solving Mysteries Together - Join the Challenge', 'Lets work together to solve this mystery!', '2023-10-30', 119, 4, 219),
('Dream Destinations - Fantasy vs. Reality', 'Discussing the difference between dream destinations and reality.', '2023-11-01', 120, 13, 220);

INSERT INTO Instructor (Experience)
VALUES
('7 years of web development and programming experience'),
('5 years of machine learning research and development'),
('8 years of project management and leadership'),
('12 years of data analysis and statistical modeling'),
('10 years of software architecture and design'),
('6 years of cybersecurity and ethical hacking expertise'),
('9 years of digital marketing and online advertising'),
('11 years of graphic design and creative arts'),
('15 years of environmental science and sustainability research'),
('13 years of astrophysics research and astronomical studies'),
('8 years of biomedical engineering and medical device development'),
('14 years of finance and investment strategy'),
('10 years of project management and agile methodologies'),
('12 years of user experience (UX) design and usability testing'),
('18 years of cognitive and behavioral psychology research'),
('20 years of experience in media production and journalism'),
('15 years of game development and interactive design'),
('16 years of organizational leadership and strategic management'),
('10 years of instructional design and education technology');
('8 years in Web Development and Design');

INSERT INTO Advisor (WorkingHours)
VALUES
(20),
(15.5),
(25),
(18.5),
(22),
(16.5),
(24),
(19),
(21),
(17.5),
(23),
(14.5),
(26),
(20.5),
(28),
(12.5),
(30),
(27),
(13.5),
(29);
--SELECT * FROM Student DELETE FROM Student; DBCC CHECKIDENT('Student', RESEED, 0);
INSERT INTO Student (Major, Degree, AdvisorID)
VALUES
('Computer Science', 'Bachelor of Science', 1),
('Electrical Engineering', 'Bachelor of Engineering', 2),
('Business Administration', 'Bachelor of Business Administration', 3),
('Psychology', 'Bachelor of Arts', 4),
('Data Science', 'Bachelor of Science', 5),
('Graphic Design', 'Bachelor of Fine Arts', 6),
('Environmental Science', 'Bachelor of Science', 7),
('Finance', 'Bachelor of Business Administration', 8),
('Mechanical Engineering', 'Bachelor of Engineering', 9),
('Marketing', 'Bachelor of Business Administration', 10),
('Biology', 'Bachelor of Science', 11),
('Physics', 'Bachelor of Science', 12),
('Biomedical Engineering', 'Bachelor of Engineering', 13),
('Political Science', 'Bachelor of Arts', 14),
('Computer Engineering', 'Bachelor of Engineering', 15),
('English Literature', 'Bachelor of Arts', 16),
('Chemistry', 'Bachelor of Science', 17),
('History', 'Bachelor of Arts', 18),
('Game Design', 'Bachelor of Fine Arts', 19),
('Management', 'Bachelor of Business Administration', 20);

INSERT INTO StudentSkill (StudentID, SkillName)
VALUES
(1,'Java Programming'),
(2,'Data Analysis'),
(3,'Digital Marketing'),
(4,'Graphic Design'),
(5,'Machine Learning'),
(6,'Web Development'),
(7,'Environmental Science'),
(8,'Financial Analysis'),
(9,'Mobile App Development'),
(10,'Public Speaking'),
(11,'Molecular Biology'),
(12,'Astrophysics'),
(13,'Biomechanics'),
(14,'Political Science Research'),
(15,'Embedded Systems'),
(16,'Creative Writing'),
(17,'Organic Chemistry'),
(18,'Archaeology'),
(19,'Game Development'),
(20,'Leadership');

INSERT INTO Feedback (Rating, FeedbackDescription, SentTo, SentBy)
VALUES
(4.5, 'Great instructor! Very knowledgeable and engaging.', 1, 2),
(3.8, 'The course content needs more depth in certain areas.', 2, 3),
(5.0, 'Excellent guidance on career choices. Thank you!', 3, 4),
(4.2, 'Interesting experiments in the chemistry community.', 4, 5),
(4.7, 'Helpful insights on data science tools and techniques.', 5, 6),
(3.5, 'Language exchange opportunities are limited.', 6, 7),
(4.9, 'Valuable advice for startups and business minds.', 7, 8),
(4.0, 'Impressive digital art showcased by members.', 8, 9),
(4.6, 'Recommendations for music genres were spot on.', 9, 10),
(3.9, 'Thoughtful reviews on the latest films. Enjoyed reading.', 10, 11),
(4.3, 'Fascinating discussions on historical events.', 11, 12),
(4.8, 'Beautiful nature photographs shared by the community.', 12, 13),
(4.1, 'Great suggestions for environmental conservation efforts.', 13, 14),
(4.4, 'Effective fitness tips and workout routines.', 14, 15),
(4.9, 'Engaging discussions on favorite video games.', 15, 16),
(3.7, 'Interesting book recommendations. Added to my reading list.', 16, 17),
(4.5, 'Adventurous travel stories shared by members.', 17, 18),
(4.2, 'The latest Hollywood gossip is always entertaining!', 18, 19),
(4.6, 'Active participation in solving mysteries together.', 19, 20),
(4.8, 'Dream travel destinations discussed with enthusiasm.', 20, 1);

INSERT INTO Organization (OrganizationName, OrganizationType, OrganizationWebsite)
VALUES
('TechHub Innovations', 'Technology', 'https://techhubinnovations.com'),
('GreenEarth Foundation', 'Non-Profit', 'https://greenearthfoundation.org'),
('Financial Wizards Inc.', 'Finance', 'https://financialwizardsinc.com'),
('BioTech Research Labs', 'Biotechnology', 'https://biotechresearchlabs.com'),
('Artistic Expressions Gallery', 'Arts and Culture', 'https://artisticexpressionsgallery.com'),
('EnviroSolutions', 'Environmental', 'https://envirosolutions.org'),
('EduTech Solutions', 'Education', 'https://edutechsolutions.com'),
('MusicMinds Association', 'Music', 'https://musicmindsassociation.org'),
('Cinematic Adventures Studio', 'Entertainment', 'https://cinematicadventures.com'),
('HealthCare Innovations', 'Health', 'https://healthcareinnovations.org'),
('TechStartups Hub', 'Technology', 'https://techstartupshub.com'),
('AstroExploration Society', 'Astronomy', 'https://astroexplorationsociety.org'),
('BioMed Devices Corporation', 'Medical Devices', 'https://biomeddevicescorp.com'),
('Political Insights Institute', 'Political Science', 'https://politicalinsightsinstitute.org'),
('Engineering Solutions Inc.', 'Engineering', 'https://engineeringsolutionsinc.com'),
('Literary Minds Foundation', 'Literature', 'https://literarymindsfoundation.org'),
('Chemical Innovators Lab', 'Chemistry', 'https://chemicalinnovatorslab.com'),
('Historical Perspectives Society', 'History', 'https://historicalperspectivesociety.org'),
('GameDev Studios', 'Game Development', 'https://gamedevstudios.com'),
('Leadership Dynamics Institute', 'Leadership', 'https://leadershipdynamicsinstitute.org');

INSERT INTO CourseCatalog (CatalogName, CatalogType, OrganizationID)
VALUES
('Computer Science Fundamentals', 'Computer Science', 401),
('Renewable Energy Technologies', 'Environmental Science', 402),
('Financial Planning and Analysis', 'Finance', 403),
('Biotechnology Essentials', 'Biotechnology', 404),
('Digital Art and Design', 'Arts and Culture', 405),
('Environmental Sustainability', 'Environmental Science', 406),
('Introduction to Programming', 'Computer Science', 407),
('Music Production Techniques', 'Music', 408),
('Film Production Basics', 'Entertainment', 409),
('Healthcare Management Strategies', 'Health', 410),
('Web Development Bootcamp', 'Technology', 411),
('Astronomy Exploration', 'Astronomy', 412),
('Medical Devices Engineering', 'Medical Devices', 413),
('Political Science Research Methods', 'Political Science', 414),
('Mechanical Engineering Principles', 'Engineering', 415),
('Creative Writing Workshop', 'Literature', 416),
('Organic Chemistry Fundamentals', 'Chemistry', 417),
('World History Insights', 'History', 418),
('Game Design Fundamentals', 'Game Development', 419),
('Leadership and Management', 'Leadership', 420);

INSERT INTO Course (CourseTitle, CourseRatings, CourseDescription, TotalPoints, CatalogID)
VALUES
('Introduction to Python Programming', 4.5, 'Learn the fundamentals of Python programming language.', 100, 501),
('Solar Energy Systems Design', 4.0, 'Explore the design principles of solar energy systems.', 100, 502),
('Financial Modeling and Analysis', 4.8, 'Master financial modeling techniques for decision-making.', 100, 503),
('Biotechnology Fundamentals', 4.2, 'Gain insights into the essentials of biotechnology.', 100, 504),
('Digital Art Creation Workshop', 4.7, 'Hands-on workshop for creating digital art masterpieces.', 100, 505),
('Environmental Sustainability Practices', 4.5, 'Learn practices for a sustainable environment.', 100, 506),
('Web Development Bootcamp', 4.9, 'Intensive bootcamp covering web development technologies.', 100, 507),
('Music Production Mastery', 4.6, 'Master the art of music production and sound engineering.', 100, 508),
('Film Production Techniques', 4.3, 'Explore techniques for film production and cinematography.', 100, 509),
('Healthcare Management Strategies', 4.7, 'Strategies for effective healthcare management.', 100, 510),
('Advanced Web Development', 4.5, 'Advanced concepts and techniques in web development.', 100, 511),
('Astronomy and Celestial Objects', 4.8, 'Explore the wonders of the universe and celestial objects.', 100, 512),
('Medical Devices Engineering', 4.4, 'Engineering principles for designing medical devices.', 100, 513),
('Political Science Research Methods', 4.6, 'Research methods in political science.', 100, 514),
('Mechanical Engineering Principles', 4.2, 'Foundational principles of mechanical engineering.', 100, 515),
('Creative Writing Masterclass', 4.9, 'Unlock your creative writing potential in this masterclass.', 100, 516),
('Organic Chemistry Essentials', 4.1, 'Essential concepts in organic chemistry.', 100, 517),
('World History in Perspective', 4.7, 'Explore world history from different perspectives.', 100, 518),
('Game Design Fundamentals', 4.5, 'Fundamental concepts and techniques in game design.', 100, 519),
('Leadership and Management Strategies', 4.8, 'Strategies for effective leadership and management.', 100, 520);

INSERT INTO CourseInstructor (InstructorID, CourseID)
VALUES
(9, 609),
(6, 606),
(2, 602),
(8, 608),
(18, 618),
(11, 611),
(5, 605),
(1, 601),
(4, 604),
(20, 620),
(17, 617),
(7, 607),
(10, 610),
(3, 603),
(14, 614),
(16, 616),
(15, 615),
(12, 612),
(19, 619),
(13, 613);
--SELECT * FROM Assessment DELETE FROM Assessment; DBCC CHECKIDENT('Assessment', RESEED, 700);
INSERT INTO Assessment (TopicName, TotalPoints, PointsScored, AssessmentType, AssessmentLevel, TimeLimit, PassingScore, CourseID)
VALUES
('Python Basics Test', 100, 92, 'Test', 'Beginner', '30 minutes', 80, 601),
('Financial Modeling Quiz', 100, 85, 'Quiz', 'Beginner', '2 hours', 80, 602),
('Biotech Fundamentals Test', 100, 87, 'Test', 'Intermediate', '48 hours', 75, 603),
('Digital Art Quiz', 100, 84, 'Quiz', 'Intermediate', '14 days', 75, 604),
('Web Development Basics Test', 100, 85, 'Test', 'Intermediate', '10 days', 75, 605),
('Music Production Basics Quiz', 100, 84, 'Quiz', 'Intermediate', '7 days', 75, 606),
('Film Production Quiz', 100, 86, 'Quiz', 'Intermediate', '3 days', 75, 607),
('Healthcare Management Test', 100, 81, 'Test', 'Intermediate', '5 days', 75, 608),
('Advanced Web Development Test', 100, 79, 'Test', 'Advanced', '14 days', 70, 609),
('Medical Devices Engineering Quiz', 100, 89, 'Quiz', 'Intermediate', '10 days', 75, 610),
('Political Science Quiz', 100, 88, 'Quiz', 'Intermediate', '7 days', 75, 611),
('Mechanical Engineering Basics Test', 100, 85, 'Test', 'Intermediate', '14 days', 75, 612),
('Organic Chemistry Fundamentals Quiz', 100, 81, 'Quiz', 'Intermediate', '48 hours', 75, 613),
('World History Quiz', 100, 86, 'Quiz', 'Intermediate', '3 days', 75, 614),
('Game Design Basics Test', 100, 84, 'Test', 'Intermediate', '7 days', 75, 615),
('Leadership Test', 100, 87, 'Test', 'Intermediate', '5 days', 75, 616),
('Data Science Basics Test', 100, 84, 'Test', 'Intermediate', '10 days', 75, 617),
('Artificial Intelligence Quiz', 100, 80, 'Quiz', 'Advanced', '14 days', 70, 618),
('Chemical Engineering Fundamentals Test', 100, 85, 'Test', 'Intermediate', '48 hours', 75, 619),
('Marketing Strategy Quiz', 100, 94, 'Quiz', 'Intermediate', '7 days', 75, 620);

INSERT INTO StudentAssessment (StudentID, AssessmentID)
VALUES
(16, 716),
(2, 702),
(8, 708),
(19, 719),
(13, 713),
(5, 705),
(10, 710),
(4, 704),
(15, 715),
(6, 706),
(18, 718),
(11, 711),
(9, 709),
(20, 720),
(3, 703),
(14, 714),
(7, 707),
(12, 712),
(17, 717),
(1, 701);
--SELECT * FROM Assessment;
INSERT INTO RewardPoints (PointsEarned, RedeemablePoints, TotalAssessments, StudentID)
VALUES
(1500, 300, 15, 1),
(800, 160, 8, 2),
(2000, 400, 20, 3),
(1200, 240, 12, 4),
(2500, 500, 25, 5),
(1800, 360, 18, 6),
(3000, 600, 30, 7),
(2800, 560, 28, 8),
(1400, 280, 14, 9),
(3500, 700, 35, 10),
(2200, 440, 22, 11),
(1600, 320, 16, 12),
(2900, 580, 29, 13),
(1000, 200, 10, 14),
(1900, 380, 19, 15),
(1300, 260, 13, 16),
(1500, 300, 15, 17),
(2600, 520, 26, 18),
(3200, 640, 32, 19),
(2000, 400, 20, 20);

INSERT INTO AssessmentPoints (RewardID, AssessmentID)
VALUES
(801, 701),
(802, 702),
(803, 703),
(804, 704),
(805, 705),
(806, 706),
(807, 707),
(808, 708),
(809, 709),
(810, 710),
(811, 711),
(812, 712),
(813, 713),
(814, 714),
(815, 715),
(816, 716),
(817, 717),
(818, 718),
(819, 719),
(820, 720);

INSERT INTO Payment (PaymentMethod, Amount, PaymentDate, StudentID, CourseID)
VALUES
('Credit Card', 99.99, '2023-11-22', 1, 601),
('Debit Card', 49.99, '2023-11-23', 2, 602),
('PayPal', 74.99, '2023-11-24', 3, 603),
('Bank Transfer', 129.99, '2023-11-25', 4, 604),
('Cash', 89.99, '2023-11-26', 5, 605),
('Reward Points', 0, '2023-11-27', 6, 606),
('Credit Card', 59.99, '2023-11-28', 7, 607),
('Debit Card', 79.99, '2023-11-29', 8, 608),
('PayPal', 109.99, '2023-11-30', 9, 609),
('Bank Transfer', 39.99, '2023-12-01', 10, 610),
('Cash', 69.99, '2023-12-02', 11, 611),
('Reward Points', 0, '2023-12-03', 12, 612),
('Credit Card', 89.99, '2023-12-04', 13, 613),
('Debit Card', 99.99, '2023-12-05', 14, 614),
('PayPal', 119.99, '2023-12-06', 15, 615),
('Bank Transfer', 49.99, '2023-12-07', 16, 616),
('Cash', 79.99, '2023-12-08', 17, 617),
('Reward Points', 0, '2023-12-09', 18, 618),
('Credit Card', 109.99, '2023-12-10', 19, 619),
('Debit Card', 129.99, '2023-12-11', 20, 620);

INSERT INTO CourseEnrollment (EnrollmentDate, CompletionDate, CertificationStatus, StudentID, CourseID, PaymentID)
VALUES
('2023-11-22', '2023-12-22', 'Completed', 1, 601, 901),
('2023-11-23', '2023-12-23', 'Completed', 2, 602, 902),
('2023-11-24', NULL, 'In Progress', 3, 603, 903),
('2023-11-25', NULL, 'In Progress', 4, 604, 904),
('2023-11-26', '2023-12-26', 'Completed', 5, 605, 905),
('2023-11-27', NULL, 'In Progress', 6, 606, 906),
('2023-11-28', '2023-12-28', 'Completed', 7, 607, 907),
('2023-11-29', NULL, 'In Progress', 8, 608, 908),
('2023-11-30', NULL, 'In Progress', 9, 609, 909),
('2023-12-01', NULL, 'In Progress', 10, 610, 910),
('2023-12-02', '2023-12-29', 'Completed', 11, 611, 911),
('2023-12-03', '2023-12-30', 'Completed', 12, 612, 912),
('2023-12-04', NULL, 'In Progress', 13, 613, 913),
('2023-12-05', NULL, 'In Progress', 14, 614, 914),
('2023-12-06', '2023-12-31', 'Completed', 15, 615, 915),
('2023-12-07', '2023-12-31', 'Completed', 16, 616, 916),
('2023-12-08', NULL, 'In Progress', 17, 617, 917),
('2023-12-09', '2024-01-01', 'Completed', 18, 618, 918),
('2023-12-10', '2024-01-02', 'Completed', 19, 619, 919),
('2023-12-11', NULL, 'In Progress', 20, 620, 920);

INSERT INTO Wishlist (DateAdded, DateUpdated, CourseID)
VALUES
('2023-01-10', '2023-02-15', 601),
('2023-03-20', '2023-04-25', 602),
('2023-05-12', '2023-06-17', 603),
('2023-07-08', '2023-08-18', 604),
('2023-09-14', '2023-10-19', 605),
('2023-11-22', '2023-12-21', 606),
('2023-01-05', '2023-02-10', 607),
('2023-03-15', '2023-04-20', 608),
('2023-05-08', '2023-06-13', 609),
('2023-07-18', '2023-08-23', 610),
('2023-09-24', '2023-10-29', 611),
('2023-11-30', '2023-12-05', 612),
('2023-01-15', '2023-02-20', 613),
('2023-03-25', '2023-04-30', 614),
('2023-05-28', '2023-06-02', 615),
('2023-07-05', '2023-08-10', 616),
('2023-09-10', '2023-10-15', 617),
('2023-11-18', '2023-12-23', 618),
('2023-01-22', '2023-02-27', 619),
('2023-03-02', '2023-04-07', 620);





